trip_id,train_number,service_type
TRAIN_MASAJJ_43001_down_0,43001,EMU/Local
TRAIN_MASAJJ_43102_up_1,43102,EMU/Local
TRAIN_MASAJJ_43551_down_2,43551,EMU/Local
TRAIN_MASAJJ_43002_up_3,43002,EMU/Local
TRAIN_MASAJJ_43553_down_4,43553,EMU/Local
TRAIN_MASAJJ_43004_up_5,43004,EMU/Local
TRAIN_MASAJJ_43501_down_6,43501,EMU/Local
TRAIN_MASAJJ_43652_up_7,43652,EMU/Local
TRAIN_MASAJJ_66049_down_8,66049,EMU/Local
TRAIN_MASAJJ_43202_up_9,43202,EMU/Local
TRAIN_MASAJJ_43101_down_10,43101,EMU/Local
TRAIN_MASAJJ_66000_up_11,66000,MEMU
TRAIN_MASAJJ_43803_down_12,43803,EMU/Local
TRAIN_MASAJJ_43654_up_13,43654,EMU/Local
TRAIN_MASAJJ_43201_down_14,43201,EMU/Local
TRAIN_MASAJJ_43402_up_15,43402,EMU/Local
TRAIN_MASAJJ_43921_down_16,43921,EMU/Local
TRAIN_MASAJJ_43932_up_17,43932,EMU/Local
TRAIN_MASAJJ_43203_down_18,43203,EMU/Local
TRAIN_MASAJJ_43862_up_19,43862,EMU/Local
TRAIN_MASAJJ_43103_down_20,43103,EMU/Local
TRAIN_MASAJJ_43204_up_21,43204,EMU/Local
TRAIN_MASAJJ_43401F_down_22,43401F,Fast
TRAIN_MASAJJ_43404_up_23,43404,EMU/Local
TRAIN_MASAJJ_43701_down_24,43701,EMU/Local
TRAIN_MASAJJ_43104_up_25,43104,EMU/Local
TRAIN_MASAJJ_43205_down_26,43205,EMU/Local
TRAIN_MASAJJ_43852_up_27,43852,EMU/Local
TRAIN_MASAJJ_43841_down_28,43841,EMU/Local
TRAIN_MASAJJ_43656_up_29,43656,EMU/Local
TRAIN_MASAJJ_43503_down_30,43503,EMU/Local
TRAIN_MASAJJ_43502_up_31,43502,EMU/Local
TRAIN_MASAJJ_43761_down_32,43761,EMU/Local
TRAIN_MASAJJ_66002_up_33,66002,MEMU
TRAIN_MASAJJ_43105_down_34,43105,EMU/Local
TRAIN_MASAJJ_43206_up_35,43206,EMU/Local
TRAIN_MASAJJ_43403_down_36,43403,EMU/Local
TRAIN_MASAJJ_43406_up_37,43406,EMU/Local
TRAIN_MASAJJ_43831_down_38,43831,EMU/Local
TRAIN_MASAJJ_66004_up_39,66004,MEMU
TRAIN_MASAJJ_43207_down_40,43207,EMU/Local
TRAIN_MASAJJ_43902_up_41,43902,EMU/Local
TRAIN_MASAJJ_43861_down_42,43861,EMU/Local
TRAIN_MASAJJ_43106_up_43,43106,EMU/Local
TRAIN_MASAJJ_43651_down_44,43651,EMU/Local
TRAIN_MASAJJ_43658_up_45,43658,EMU/Local
TRAIN_MASAJJ_66015_down_46,66015,MEMU
TRAIN_MASAJJ_43504_up_47,43504,EMU/Local
TRAIN_MASAJJ_43107_down_48,43107,EMU/Local
TRAIN_MASAJJ_43208_up_49,43208,EMU/Local
TRAIN_MASAJJ_43871_down_50,43871,EMU/Local
TRAIN_MASAJJ_60016_up_51,60016,MEMU
TRAIN_MASAJJ_43505_down_52,43505,EMU/Local
TRAIN_MASAJJ_43408F_up_53,43408F,Fast
TRAIN_MASAJJ_43209_down_54,43209,EMU/Local
TRAIN_MASAJJ_43660_up_55,43660,EMU/Local
TRAIN_MASAJJ_43003_down_56,43003,EMU/Local
TRAIN_MASAJJ_43210_up_57,43210,EMU/Local
TRAIN_MASAJJ_43211_down_58,43211,EMU/Local
TRAIN_MASAJJ_43506_up_59,43506,EMU/Local
TRAIN_MASAJJ_43407_down_60,43407,EMU/Local
TRAIN_MASAJJ_43662_up_61,43662,EMU/Local
TRAIN_MASAJJ_43653_down_62,43653,EMU/Local
TRAIN_MASAJJ_43108_up_63,43108,EMU/Local
TRAIN_MASAJJ_43213_down_64,43213,EMU/Local
TRAIN_MASAJJ_43934_up_65,43934,EMU/Local
TRAIN_MASAJJ_43005_down_66,43005,EMU/Local
TRAIN_MASAJJ_43212_up_67,43212,EMU/Local
TRAIN_MASAJJ_43409_down_68,43409,EMU/Local
TRAIN_MASAJJ_43410F_up_69,43410F,Fast
TRAIN_MASAJJ_43215_down_70,43215,EMU/Local
TRAIN_MASAJJ_43791_down_71,43791,EMU/Local
TRAIN_MASAJJ_43882_up_72,43882,EMU/Local
TRAIN_MASAJJ_43009_down_73,43009,EMU/Local
TRAIN_MASAJJ_66022_up_74,66022,MEMU
TRAIN_MASAJJ_43219_down_75,43219,EMU/Local
TRAIN_MASAJJ_43214_up_76,43214,EMU/Local
TRAIN_MASAJJ_06727F_down_77,06727F,Fast
TRAIN_MASAJJ_43936F_up_78,43936F,Fast
TRAIN_MASAJJ_EY/RK_down_79,EY/RK,EMU/Local
TRAIN_MASAJJ_43216F_up_80,43216F,Fast
TRAIN_MASAJJ_43507_down_81,43507,EMU/Local
TRAIN_MASAJJ_06034F_up_82,06034F,MEMU
TRAIN_MASAJJ_43763_down_83,43763,EMU/Local
TRAIN_MASAJJ_43664_up_84,43664,EMU/Local
TRAIN_MASAJJ_43793_down_85,43793,EMU/Local
TRAIN_MASAJJ_43872_up_86,43872,EMU/Local
TRAIN_MASAJJ_43013_down_87,43013,EMU/Local
TRAIN_MASAJJ_43218_up_88,43218,EMU/Local
TRAIN_MASAJJ_43901_down_89,43901,EMU/Local
TRAIN_MASAJJ_43792_up_90,43792,EMU/Local
TRAIN_MASAJJ_43601_down_91,43601,EMU/Local
TRAIN_MASAJJ_43012_up_92,43012,EMU/Local
TRAIN_MASAJJ_43015_down_93,43015,EMU/Local
TRAIN_MASAJJ_43412_up_94,43412,EMU/Local
TRAIN_MASAJJ_43411_down_95,43411,EMU/Local
TRAIN_MASAJJ_43220_up_96,43220,EMU/Local
TRAIN_MASAJJ_43109_down_97,43109,EMU/Local
TRAIN_MASAJJ_43222F_up_98,43222F,Fast
TRAIN_MASAJJ_43655_down_99,43655,EMU/Local
TRAIN_MASAJJ_43414_up_100,43414,EMU/Local
TRAIN_MASAJJ_43221_down_101,43221,EMU/Local
TRAIN_MASAJJ_43942_up_102,43942,EMU/Local
TRAIN_MASAJJ_43509_down_103,43509,EMU/Local
TRAIN_MASAJJ_43224_up_104,43224,EMU/Local
TRAIN_MASAJJ_43223_down_105,43223,EMU/Local
TRAIN_MASAJJ_43110_up_106,43110,EMU/Local
TRAIN_MASAJJ_43941_down_107,43941,EMU/Local
TRAIN_MASAJJ_66008_up_108,66008,MEMU
TRAIN_MASAJJ_43111_down_109,43111,EMU/Local
TRAIN_MASAJJ_43762_up_110,43762,EMU/Local
TRAIN_MASAJJ_43413_down_111,43413,EMU/Local
TRAIN_MASAJJ_43510_up_112,43510,EMU/Local
TRAIN_MASAJJ_43225_down_113,43225,EMU/Local
TRAIN_MASAJJ_43112_up_114,43112,EMU/Local
TRAIN_MASAJJ_43765_down_115,43765,EMU/Local
TRAIN_MASAJJ_43228_up_116,43228,EMU/Local
TRAIN_MASAJJ_43415_down_117,43415,EMU/Local
TRAIN_MASAJJ_43666_up_118,43666,EMU/Local
TRAIN_MASAJJ_43227_down_119,43227,EMU/Local
TRAIN_MASAJJ_43418_up_120,43418,EMU/Local
TRAIN_MASAJJ_43795_down_121,43795,EMU/Local
TRAIN_MASAJJ_43832_up_122,43832,EMU/Local
TRAIN_MASAJJ_43511_down_123,43511,EMU/Local
TRAIN_MASAJJ_43952_up_124,43952,EMU/Local
TRAIN_MASAJJ_43931_down_125,43931,EMU/Local
TRAIN_MASAJJ_43114_up_126,43114,EMU/Local
TRAIN_MASAJJ_43229_down_127,43229,EMU/Local
TRAIN_MASAJJ_43420_up_128,43420,EMU/Local
TRAIN_MASAJJ_43115_down_129,43115,EMU/Local
TRAIN_MASAJJ_43230_up_130,43230,EMU/Local
TRAIN_MASAJJ_43513_down_131,43513,EMU/Local
TRAIN_MASAJJ_43116_up_132,43116,EMU/Local
TRAIN_MASAJJ_43233_down_133,43233,EMU/Local
TRAIN_MASAJJ_43764_up_134,43764,EMU/Local
TRAIN_MASAJJ_43767_down_135,43767,EMU/Local
TRAIN_MASAJJ_43512_up_136,43512,EMU/Local
TRAIN_MASAJJ_43417_down_137,43417,EMU/Local
TRAIN_MASAJJ_43668_up_138,43668,EMU/Local
TRAIN_MASAJJ_66011_down_139,66011,MEMU
TRAIN_MASAJJ_43422_up_140,43422,EMU/Local
TRAIN_MASAJJ_43117_down_141,43117,EMU/Local
TRAIN_MASAJJ_43232_up_142,43232,EMU/Local
TRAIN_MASAJJ_66053_down_143,66053,MEMU
TRAIN_MASAJJ_43120_up_144,43120,EMU/Local
TRAIN_MASAJJ_43851_down_145,43851,EMU/Local
TRAIN_MASAJJ_43234_up_146,43234,EMU/Local
TRAIN_MASAJJ_43235_down_147,43235,EMU/Local
TRAIN_MASAJJ_43514_up_148,43514,EMU/Local
TRAIN_MASAJJ_43421_down_149,43421,EMU/Local
TRAIN_MASAJJ_43236_up_150,43236,EMU/Local
TRAIN_MASAJJ_43237_down_151,43237,EMU/Local
TRAIN_MASAJJ_43670_up_152,43670,EMU/Local
TRAIN_MASAJJ_43423_down_153,43423,EMU/Local
TRAIN_MASAJJ_06728F_up_154,06728F,MEMU
TRAIN_MASAJJ_43239_down_155,43239,EMU/Local
TRAIN_MASAJJ_43020_up_156,43020,EMU/Local
TRAIN_MASAJJ_43797_down_157,43797,EMU/Local
TRAIN_MASAJJ_43238_up_158,43238,EMU/Local
TRAIN_MASAJJ_43515_down_159,43515,EMU/Local
TRAIN_MASAJJ_43672_up_160,43672,EMU/Local
TRAIN_MASAJJ_66013F_down_161,66013F,MEMU
TRAIN_MASAJJ_43122_up_162,43122,EMU/Local
TRAIN_MASAJJ_43769_down_163,43769,EMU/Local
TRAIN_MASAJJ_43424_up_164,43424,EMU/Local
TRAIN_MASAJJ_43241_down_165,43241,EMU/Local
TRAIN_MASAJJ_43674_up_166,43674,EMU/Local
TRAIN_MASAJJ_43427_down_167,43427,EMU/Local
TRAIN_MASAJJ_43516_up_168,43516,EMU/Local
TRAIN_MASAJJ_43119_down_169,43119,EMU/Local
TRAIN_MASAJJ_43938_up_170,43938,EMU/Local
TRAIN_MASAJJ_06033_down_171,06033,EMU/Local
TRAIN_MASAJJ_43242_up_172,43242,EMU/Local
TRAIN_MASAJJ_43933_down_173,43933,EMU/Local
TRAIN_MASAJJ_43244_up_174,43244,EMU/Local
TRAIN_MASAJJ_43943_down_175,43943,EMU/Local
TRAIN_MASAJJ_43124_up_176,43124,EMU/Local
TRAIN_MASAJJ_43243_down_177,43243,EMU/Local
TRAIN_MASAJJ_43676_up_178,43676,EMU/Local
TRAIN_MASAJJ_43429_down_179,43429,EMU/Local
TRAIN_MASAJJ_43426_up_180,43426,EMU/Local
TRAIN_MASAJJ_43245_down_181,43245,EMU/Local
TRAIN_MASAJJ_66012_up_182,66012,MEMU
TRAIN_MASAJJ_43517_down_183,43517,EMU/Local
TRAIN_MASAJJ_43766_up_184,43766,EMU/Local
TRAIN_MASAJJ_66021F_down_185,66021F,Fast
TRAIN_MASAJJ_43518_up_186,43518,EMU/Local
TRAIN_MASAJJ_43121_down_187,43121,EMU/Local
TRAIN_MASAJJ_43248_up_188,43248,EMU/Local
TRAIN_MASAJJ_43433_down_189,43433,EMU/Local
TRAIN_MASAJJ_43768_up_190,43768,EMU/Local
TRAIN_MASAJJ_43771_down_191,43771,EMU/Local
TRAIN_MASAJJ_43428_up_192,43428,EMU/Local
TRAIN_MASAJJ_43657_down_193,43657,EMU/Local
TRAIN_MASAJJ_43126_up_194,43126,EMU/Local
TRAIN_MASAJJ_43435_down_195,43435,EMU/Local
TRAIN_MASAJJ_43250_up_196,43250,EMU/Local
TRAIN_MASAJJ_43773_down_197,43773,EMU/Local
TRAIN_MASAJJ_66014_up_198,66014,MEMU
TRAIN_MASAJJ_43247_down_199,43247,EMU/Local
TRAIN_MASAJJ_43520_up_200,43520,EMU/Local
TRAIN_MASAJJ_43437F_down_201,43437F,Fast
TRAIN_MASAJJ_43128_up_202,43128,EMU/Local
TRAIN_MASAJJ_43519_down_203,43519,EMU/Local
TRAIN_MASAJJ_43770_up_204,43770,EMU/Local
TRAIN_MASAJJ_43659_down_205,43659,EMU/Local
TRAIN_MASAJJ_43432_up_206,43432,EMU/Local
TRAIN_MASAJJ_43123_down_207,43123,EMU/Local
TRAIN_MASAJJ_43252_up_208,43252,EMU/Local
TRAIN_MASAJJ_43249_down_209,43249,EMU/Local
TRAIN_MASAJJ_43254_up_210,43254,EMU/Local
TRAIN_MASAJJ_43251_down_211,43251,EMU/Local
TRAIN_MASAJJ_43434_up_212,43434,EMU/Local
TRAIN_MASAJJ_43439_down_213,43439,EMU/Local
TRAIN_MASAJJ_43794_up_214,43794,EMU/Local
TRAIN_MASAJJ_66003_down_215,66003,MEMU
TRAIN_MASAJJ_43256_up_216,43256,EMU/Local
TRAIN_MASAJJ_43661_down_217,43661,EMU/Local
TRAIN_MASAJJ_66010_up_218,66010,MEMU
TRAIN_MASAJJ_43125_down_219,43125,EMU/Local
TRAIN_MASAJJ_43702_up_220,43702,EMU/Local
TRAIN_MASAJJ_43253_down_221,43253,EMU/Local
TRAIN_MASAJJ_43438_up_222,43438,EMU/Local
TRAIN_MASAJJ_43663_down_223,43663,EMU/Local
TRAIN_MASAJJ_43440_up_224,43440,EMU/Local
TRAIN_MASAJJ_43441_down_225,43441,EMU/Local
TRAIN_MASAJJ_43836_up_226,43836,EMU/Local
TRAIN_MASAJJ_66005_down_227,66005,MEMU
TRAIN_MASAJJ_43130_up_228,43130,EMU/Local
TRAIN_MASAJJ_43127_down_229,43127,EMU/Local
TRAIN_MASAJJ_43522_up_230,43522,EMU/Local
TRAIN_MASAJJ_66009_down_231,66009,MEMU
TRAIN_MASAJJ_43838_up_232,43838,EMU/Local
TRAIN_MASAJJ_43255_down_233,43255,EMU/Local
TRAIN_MASAJJ_43552_up_234,43552,EMU/Local
TRAIN_MASAJJ_43799_down_235,43799,EMU/Local
TRAIN_MASAJJ_43442_up_236,43442,EMU/Local
TRAIN_MASAJJ_66007_down_237,66007,MEMU
TRAIN_MASAJJ_43132_up_238,43132,EMU/Local
TRAIN_MASAJJ_43025_down_239,43025,EMU/Local
TRAIN_MASAJJ_43524_up_240,43524,EMU/Local
TRAIN_MASAJJ_43554_up_241,43554,EMU/Local
TRAIN_MASGPD_42401_down_242,42401,EMU/Local
TRAIN_MASGPD_42002_up_243,42002,EMU/Local
TRAIN_MASGPD_42403_down_244,42403,EMU/Local
TRAIN_MASGPD_42004_up_245,42004,EMU/Local
TRAIN_MASGPD_06741_down_246,06741,EMU/Local
TRAIN_MASGPD_42006_up_247,42006,EMU/Local
TRAIN_MASGPD_42701_down_248,42701,EMU/Local
TRAIN_MASGPD_42402_up_249,42402,EMU/Local
TRAIN_MASGPD_42001_down_250,42001,EMU/Local
TRAIN_MASGPD_43861_up_251,43861,EMU/Local
TRAIN_MASGPD_43852_down_252,43852,EMU/Local
TRAIN_MASGPD_42502_up_253,42502,EMU/Local
TRAIN_MASGPD_43862_down_254,43862,EMU/Local
TRAIN_MASGPD_42404_up_255,42404,EMU/Local
TRAIN_MASGPD_42003_down_256,42003,EMU/Local
TRAIN_MASGPD_42752_up_257,42752,EMU/Local
TRAIN_MASGPD_42005_down_258,42005,EMU/Local
TRAIN_MASGPD_42008_up_259,42008,EMU/Local
TRAIN_MASGPD_42407_down_260,42407,EMU/Local
TRAIN_MASGPD_42406_up_261,42406,EMU/Local
TRAIN_MASGPD_06749_down_262,06749,EMU/Local
TRAIN_MASGPD_42007_down_264,42007,EMU/Local
TRAIN_MASGPD_07237_up_265,07237,EMU/Local
TRAIN_MASGPD_42411_down_266,42411,EMU/Local
TRAIN_MASGPD_42010_up_267,42010,EMU/Local
TRAIN_MASGPD_42009_down_268,42009,EMU/Local
TRAIN_MASGPD_42852_up_269,42852,EMU/Local
TRAIN_MASGPD_42011_down_270,42011,EMU/Local
TRAIN_MASGPD_42012_up_271,42012,EMU/Local
TRAIN_MASGPD_42651_down_272,42651,EMU/Local
TRAIN_MASGPD_42652_up_273,42652,EMU/Local
TRAIN_MASGPD_42413_down_274,42413,EMU/Local
TRAIN_MASGPD_42014_up_275,42014,EMU/Local
TRAIN_MASGPD_42013_down_276,42013,EMU/Local
TRAIN_MASGPD_42408_up_277,42408,EMU/Local
TRAIN_MASGPD_42015_down_278,42015,EMU/Local
TRAIN_MASGPD_42832_up_279,42832,EMU/Local
TRAIN_MASGPD_42501_down_280,42501,EMU/Local
TRAIN_MASGPD_42016_up_281,42016,EMU/Local
TRAIN_MASGPD_42017_down_282,42017,EMU/Local
TRAIN_MASGPD_42018_up_283,42018,EMU/Local
TRAIN_MASGPD_42841_down_284,42841,EMU/Local
TRAIN_MASGPD_42410_up_285,42410,EMU/Local
TRAIN_MASGPD_06743_down_286,06743,EMU/Local
TRAIN_MASGPD_06742_up_287,06742,EMU/Local
TRAIN_MASGPD_42019_down_288,42019,EMU/Local
TRAIN_MASGPD_42020_up_289,42020,EMU/Local
TRAIN_MASGPD_42414_up_291,42414,EMU/Local
TRAIN_MASGPD_42417_down_292,42417,EMU/Local
TRAIN_MASGPD_42022_up_293,42022,EMU/Local
TRAIN_MASGPD_42653_down_294,42653,EMU/Local
TRAIN_MASGPD_42522_up_295,42522,EMU/Local
TRAIN_MASGPD_42021_down_296,42021,EMU/Local
TRAIN_MASGPD_42024_up_297,42024,EMU/Local
TRAIN_MASGPD_42419_down_298,42419,EMU/Local
TRAIN_MASGPD_43851_up_299,43851,EMU/Local
TRAIN_MASGPD_42655_down_300,42655,EMU/Local
TRAIN_MASGPD_42026_up_301,42026,EMU/Local
TRAIN_MASGPD_42023_down_302,42023,EMU/Local
TRAIN_MASGPD_42416_up_303,42416,EMU/Local
TRAIN_MASGPD_07238F_down_304,07238F,Fast
TRAIN_MASGPD_42654_up_305,42654,EMU/Local
TRAIN_MASGPD_42025_down_306,42025,EMU/Local
TRAIN_MASGPD_42028_up_307,42028,EMU/Local
TRAIN_MASGPD_42027_down_308,42027,EMU/Local
TRAIN_MASGPD_42030_up_309,42030,EMU/Local
TRAIN_MASGPD_42421_down_310,42421,EMU/Local
TRAIN_MASGPD_42854_up_311,42854,EMU/Local
TRAIN_MASGPD_42029_down_312,42029,EMU/Local
TRAIN_MASGPD_42032_up_313,42032,EMU/Local
TRAIN_MASGPD_42657_down_314,42657,EMU/Local
TRAIN_MASGPD_42034_up_315,42034,EMU/Local
TRAIN_MASGPD_42423_down_316,42423,EMU/Local
TRAIN_MASGPD_42418_up_317,42418,EMU/Local
TRAIN_MASGPD_42521_down_318,42521,EMU/Local
TRAIN_MASGPD_06752_up_319,06752,EMU/Local
TRAIN_MASGPD_42031_down_320,42031,EMU/Local
TRAIN_MASGPD_42834_up_321,42834,EMU/Local
TRAIN_MASGPD_42659_down_322,42659,EMU/Local
TRAIN_MASGPD_42036_up_323,42036,EMU/Local
TRAIN_MASGPD_42425_down_324,42425,EMU/Local
TRAIN_MASGPD_42656_up_325,42656,EMU/Local
TRAIN_MASGPD_42033_down_326,42033,EMU/Local
TRAIN_MASGPD_42422_up_327,42422,EMU/Local
TRAIN_MASGPD_42843_down_328,42843,EMU/Local
TRAIN_MASGPD_42038_up_329,42038,EMU/Local
TRAIN_MASGPD_42035_down_330,42035,EMU/Local
TRAIN_MASGPD_06744_up_331,06744,EMU/Local
TRAIN_MASGPD_42831_down_332,42831,EMU/Local
TRAIN_MASGPD_42836_up_333,42836,EMU/Local
TRAIN_MASGPD_42037_down_334,42037,EMU/Local
TRAIN_MASGPD_42426_up_335,42426,EMU/Local
TRAIN_MSBCGL_40501_down_336,40501,EMU/Local
TRAIN_MSBCGL_40002_up_337,40002,EMU/Local
TRAIN_MSBCGL_40001_down_338,40001,EMU/Local
TRAIN_MSBCGL_40004_up_339,40004,EMU/Local
TRAIN_MSBCGL_40503_down_340,40503,EMU/Local
TRAIN_MSBCGL_40006_up_341,40006,EMU/Local
TRAIN_MSBCGL_40505_down_342,40505,EMU/Local
TRAIN_MSBCGL_40502_up_343,40502,EMU/Local
TRAIN_MSBCGL_40203_down_344,40203,EMU/Local
TRAIN_MSBCGL_40008_up_345,40008,EMU/Local
TRAIN_MSBCGL_40507_down_346,40507,EMU/Local
TRAIN_MSBCGL_40504_up_347,40504,EMU/Local
TRAIN_MSBCGL_40701_down_348,40701,EMU/Local
TRAIN_MSBCGL_40010_up_349,40010,EMU/Local
TRAIN_MSBCGL_40509_down_350,40509,EMU/Local
TRAIN_MSBCGL_40506_up_351,40506,EMU/Local
TRAIN_MSBCGL_40511_down_352,40511,EMU/Local
TRAIN_MSBCGL_40012_up_353,40012,EMU/Local
TRAIN_MSBCGL_40003_down_354,40003,EMU/Local
TRAIN_MSBCGL_40508_up_355,40508,EMU/Local
TRAIN_MSBCGL_40513_down_356,40513,EMU/Local
TRAIN_MSBCGL_40014_up_357,40014,EMU/Local
TRAIN_MSBCGL_40515_down_358,40515,EMU/Local
TRAIN_MSBCGL_40510_up_359,40510,EMU/Local
TRAIN_MSBCGL_40517_down_360,40517,EMU/Local
TRAIN_MSBCGL_40018_up_361,40018,EMU/Local
TRAIN_MSBCGL_40519_down_362,40519,EMU/Local
TRAIN_MSBCGL_40902_up_363,40902,EMU/Local
TRAIN_MSBCGL_40005_down_364,40005,EMU/Local
TRAIN_MSBCGL_40020_up_365,40020,EMU/Local
TRAIN_MSBCGL_44002_down_366,44002,EMU/Local
TRAIN_MSBCGL_40022_up_367,40022,EMU/Local
TRAIN_MSBCGL_40801_down_368,40801,EMU/Local
TRAIN_MSBCGL_40512_up_369,40512,EMU/Local
TRAIN_MSBCGL_40007_down_370,40007,EMU/Local
TRAIN_MSBCGL_40024_up_371,40024,EMU/Local
TRAIN_MSBCGL_40009_down_372,40009,EMU/Local
TRAIN_MSBCGL_40514_up_373,40514,EMU/Local
TRAIN_MSBCGL_42502_down_374,42502,EMU/Local
TRAIN_MSBCGL_40702_up_375,40702,EMU/Local
TRAIN_MSBCGL_40011_down_376,40011,EMU/Local
TRAIN_MSBCGL_40026_up_377,40026,EMU/Local
TRAIN_MSBCGL_40015_down_378,40015,EMU/Local
TRAIN_MSBCGL_44001_up_379,44001,EMU/Local
TRAIN_MSBCGL_40017_down_380,40017,EMU/Local
TRAIN_MSBCGL_40516_up_381,40516,EMU/Local
TRAIN_MSBCGL_40019_down_382,40019,EMU/Local
TRAIN_MSBCGL_40028_up_383,40028,EMU/Local
TRAIN_MSBCGL_40021_down_384,40021,EMU/Local
TRAIN_MSBCGL_40030_up_385,40030,EMU/Local
TRAIN_MSBCGL_40023_down_386,40023,EMU/Local
TRAIN_MSBCGL_40204_up_387,40204,EMU/Local
TRAIN_MSBCGL_06721_down_388,06721,EMU/Local
TRAIN_MSBCGL_40032_up_389,40032,EMU/Local
TRAIN_MSBCGL_40025_down_390,40025,EMU/Local
TRAIN_MSBCGL_40518F_up_391,40518F,Fast
TRAIN_MSBCGL_40521_down_392,40521,EMU/Local
TRAIN_MSBCGL_40034_up_393,40034,EMU/Local
TRAIN_MSBCGL_40027_down_394,40027,EMU/Local
TRAIN_MSBCGL_40802F_up_395,40802F,Fast
TRAIN_MSBCGL_40029_down_396,40029,EMU/Local
TRAIN_MSBCGL_40036_up_397,40036,EMU/Local
TRAIN_MSBCGL_40031_down_398,40031,EMU/Local
TRAIN_MSBCGL_40038_up_399,40038,EMU/Local
TRAIN_MSBCGL_40523_down_400,40523,EMU/Local
TRAIN_MSBCGL_40520F_up_401,40520F,Fast
TRAIN_MSBCGL_40033_down_402,40033,EMU/Local
TRAIN_MSBCGL_40040_up_403,40040,EMU/Local
TRAIN_MSBCGL_40035_down_404,40035,EMU/Local
TRAIN_MSBCGL_40042_up_405,40042,EMU/Local
TRAIN_MSBCGL_40525_down_406,40525,EMU/Local
TRAIN_MSBCGL_40522_up_407,40522,EMU/Local
TRAIN_MSBCGL_40037_down_408,40037,EMU/Local
TRAIN_MSBCGL_40044_up_409,40044,EMU/Local
TRAIN_MSBCGL_40039_down_410,40039,EMU/Local
TRAIN_MSBCGL_40524_up_411,40524,EMU/Local
TRAIN_MSBCGL_40041_down_412,40041,EMU/Local
TRAIN_MSBCGL_40904F_up_413,40904F,Fast
TRAIN_MSBCGL_40043_down_414,40043,EMU/Local
TRAIN_MSBCGL_40046_up_415,40046,EMU/Local
TRAIN_MSBCGL_40045_down_416,40045,EMU/Local
TRAIN_MSBCGL_40048_up_417,40048,EMU/Local
TRAIN_MSBCGL_40047_down_418,40047,EMU/Local
TRAIN_MSBCGL_40050_up_419,40050,EMU/Local
TRAIN_MSBCGL_40527_down_420,40527,EMU/Local
TRAIN_MSBCGL_40528_up_421,40528,EMU/Local
TRAIN_MSBCGL_40049_down_422,40049,EMU/Local
TRAIN_MSBCGL_40052_up_423,40052,EMU/Local
TRAIN_MSBCGL_40051_down_424,40051,EMU/Local
TRAIN_MSBCGL_40054_up_425,40054,EMU/Local
TRAIN_MSBCGL_40053_down_426,40053,EMU/Local
TRAIN_MSBCGL_42501_up_427,42501,EMU/Local
TRAIN_MSBCGL_40055_down_428,40055,EMU/Local
TRAIN_MSBCGL_40056_up_429,40056,EMU/Local
TRAIN_MSBCGL_40529_down_430,40529,EMU/Local
TRAIN_MSBCGL_40058_up_431,40058,EMU/Local
TRAIN_MSBCGL_40057_down_432,40057,EMU/Local
TRAIN_MSBCGL_40704_up_433,40704,EMU/Local
TRAIN_MSBCGL_40059_down_434,40059,EMU/Local
TRAIN_MSBCGL_40060_up_435,40060,EMU/Local
TRAIN_MSBCGL_40061_down_436,40061,EMU/Local
TRAIN_MSBCGL_40062_up_437,40062,EMU/Local
TRAIN_MSBCGL_40531_down_438,40531,EMU/Local
TRAIN_MSBCGL_40530_up_439,40530,EMU/Local
TRAIN_MSBCGL_40063_down_440,40063,EMU/Local
TRAIN_MSBCGL_40064_up_441,40064,EMU/Local
TRAIN_MSBCGL_40533_down_442,40533,EMU/Local
TRAIN_MSBCGL_40532_up_443,40532,EMU/Local
TRAIN_MSBCGL_40065_down_444,40065,EMU/Local
TRAIN_MSBCGL_40068_up_445,40068,EMU/Local
TRAIN_MSBCGL_40901_down_446,40901,EMU/Local
TRAIN_MSBCGL_40534_up_447,40534,EMU/Local
TRAIN_MSBCGL_40067_down_448,40067,EMU/Local
TRAIN_MSBCGL_40072_up_449,40072,EMU/Local
TRAIN_MSBCGL_40069_down_450,40069,EMU/Local
TRAIN_MSBCGL_40804_up_451,40804,EMU/Local
TRAIN_MSBCGL_40535_down_452,40535,EMU/Local
TRAIN_MSBCGL_40074_up_453,40074,EMU/Local
TRAIN_MSBCGL_40073_down_454,40073,EMU/Local
TRAIN_MSBCGL_40076_up_455,40076,EMU/Local
TRAIN_MSBCGL_40537_down_456,40537,EMU/Local
TRAIN_MSBCGL_40536_up_457,40536,EMU/Local
TRAIN_MSBCGL_40539_down_458,40539,EMU/Local
TRAIN_MSBCGL_40078_up_459,40078,EMU/Local
TRAIN_MSBCGL_40077_down_460,40077,EMU/Local
TRAIN_MSBCGL_40082_up_461,40082,EMU/Local
TRAIN_MSBCGL_40803_down_462,40803,EMU/Local
TRAIN_MSBCGL_40538_up_463,40538,EMU/Local
TRAIN_MSBCGL_40079_down_464,40079,EMU/Local
TRAIN_MSBCGL_40084_up_465,40084,EMU/Local
TRAIN_MSBCGL_40541_down_466,40541,EMU/Local
TRAIN_MSBCGL_TO_up_467,TO,EMU/Local
TRAIN_MSBCGL_40081_down_468,40081,EMU/Local
TRAIN_MSBCGL_40540_up_469,40540,EMU/Local
TRAIN_MSBCGL_40543_down_470,40543,EMU/Local
TRAIN_MSBCGL_40086_up_471,40086,EMU/Local
TRAIN_MSBCGL_40545_down_472,40545,EMU/Local
TRAIN_MSBCGL_40088_up_473,40088,EMU/Local
TRAIN_MSBCGL_40085_down_474,40085,EMU/Local
TRAIN_MSBCGL_40542_up_475,40542,EMU/Local
TRAIN_MSBCGL_40087_down_476,40087,EMU/Local
TRAIN_MSBCGL_40090_up_477,40090,EMU/Local
TRAIN_MSBCGL_40547_down_478,40547,EMU/Local
TRAIN_MSBCGL_40094_up_479,40094,EMU/Local
TRAIN_MSBCGL_40089_down_480,40089,EMU/Local
TRAIN_MSBCGL_40096_up_481,40096,EMU/Local
TRAIN_MSBCGL_42522_down_482,42522,EMU/Local
TRAIN_MSBCGL_40098_up_483,40098,EMU/Local
TRAIN_MSBCGL_40549_down_484,40549,EMU/Local
TRAIN_MSBCGL_06722_up_485,06722,EMU/Local
TRAIN_MSBCGL_40091_down_486,40091,EMU/Local
TRAIN_MSBCGL_40100_up_487,40100,EMU/Local
TRAIN_MSBCGL_40093_down_488,40093,EMU/Local
TRAIN_MSBCGL_40544_up_489,40544,EMU/Local
TRAIN_MSBCGL_40551_down_490,40551,EMU/Local
TRAIN_MSBCGL_40102_up_491,40102,EMU/Local
TRAIN_MSBCGL_40553_down_492,40553,EMU/Local
TRAIN_MSBCGL_40104_up_493,40104,EMU/Local
TRAIN_MSBCGL_40097_down_494,40097,EMU/Local
TRAIN_MSBCGL_40106_up_495,40106,EMU/Local
TRAIN_MSBCGL_40099_down_496,40099,EMU/Local
TRAIN_MSBCGL_40546_up_497,40546,EMU/Local
TRAIN_MSBCGL_40555_down_498,40555,EMU/Local
TRAIN_MSBCGL_40108_up_499,40108,EMU/Local
TRAIN_MSBCGL_40903F_down_500,40903F,Fast
TRAIN_MSBCGL_40110_up_501,40110,EMU/Local
TRAIN_MSBCGL_40101_down_502,40101,EMU/Local
TRAIN_MSBCGL_40112_up_503,40112,EMU/Local
TRAIN_MSBCGL_40557_down_504,40557,EMU/Local
TRAIN_MSBCGL_40548_up_505,40548,EMU/Local
TRAIN_MSBCGL_40103_down_506,40103,EMU/Local
TRAIN_MSBCGL_44004_down_508,44004,EMU/Local
TRAIN_MSBCGL_40114_up_509,40114,EMU/Local
TRAIN_MSBCGL_40105_down_510,40105,EMU/Local
TRAIN_MSBCGL_40116_up_511,40116,EMU/Local
TRAIN_MSBCGL_40905_down_512,40905,EMU/Local
TRAIN_MSBCGL_40550_up_513,40550,EMU/Local
TRAIN_MSBCGL_40107_down_514,40107,EMU/Local
TRAIN_MSBCGL_40118_up_515,40118,EMU/Local
TRAIN_MSBCGL_40109_down_516,40109,EMU/Local
TRAIN_MSBCGL_40120_up_517,40120,EMU/Local
TRAIN_MSBCGL_40559_down_518,40559,EMU/Local
TRAIN_MSBCGL_40552_up_519,40552,EMU/Local
TRAIN_MSBCGL_40111_down_520,40111,EMU/Local
TRAIN_MSBCGL_40122_up_521,40122,EMU/Local
TRAIN_MSBCGL_40113_down_522,40113,EMU/Local
TRAIN_MSBCGL_40124_up_523,40124,EMU/Local
TRAIN_MSBCGL_40703_down_524,40703,EMU/Local
TRAIN_MSBCGL_40554_up_525,40554,EMU/Local
TRAIN_MSBCGL_40115_down_526,40115,EMU/Local
TRAIN_MSBCGL_40126_up_527,40126,EMU/Local
TRAIN_MSBCGL_40117_down_528,40117,EMU/Local
TRAIN_MSBCGL_40556_up_529,40556,EMU/Local
TRAIN_MSBCGL_40805_down_530,40805,EMU/Local
TRAIN_MSBCGL_40906_up_531,40906,EMU/Local
TRAIN_MSBCGL_40119_down_532,40119,EMU/Local
TRAIN_MSBCGL_40132_up_533,40132,EMU/Local
TRAIN_MSBCGL_40561_down_534,40561,EMU/Local
TRAIN_MSBCGL_40558_up_535,40558,EMU/Local
TRAIN_MSBCGL_40121_down_536,40121,EMU/Local
TRAIN_MSBCGL_40560_up_537,40560,EMU/Local
TRAIN_MSBCGL_40123_down_538,40123,EMU/Local
TRAIN_MSBCGL_40134_up_539,40134,EMU/Local
TRAIN_MSBCGL_40127_down_540,40127,EMU/Local
TRAIN_MSBCGL_40138_up_541,40138,EMU/Local
TRAIN_MSBCGL_40563_down_542,40563,EMU/Local
TRAIN_MSBCGL_40562_up_543,40562,EMU/Local
TRAIN_MSBCGL_40131_down_544,40131,EMU/Local
TRAIN_MSBCGL_40140_up_545,40140,EMU/Local
TRAIN_MSBCGL_40133_down_546,40133,EMU/Local
TRAIN_MSBCGL_40564_up_547,40564,EMU/Local
TRAIN_MSBCGL_40565_down_548,40565,EMU/Local
TRAIN_MSBCGL_44003_up_549,44003,EMU/Local
TRAIN_MSBCGL_40135_down_550,40135,EMU/Local
TRAIN_MSBCGL_40144_up_551,40144,EMU/Local
TRAIN_MSBCGL_40137_down_552,40137,EMU/Local
TRAIN_MSBCGL_40566_up_553,40566,EMU/Local
TRAIN_MSBCGL_40567_down_554,40567,EMU/Local
TRAIN_MSBCGL_40806_up_555,40806,EMU/Local
TRAIN_MSBCGL_40141_down_556,40141,EMU/Local
TRAIN_MSBCGL_40146_up_557,40146,EMU/Local
TRAIN_MSBCGL_40569_down_558,40569,EMU/Local
TRAIN_MSBCGL_40568_up_559,40568,EMU/Local
TRAIN_MSBCGL_40145_down_560,40145,EMU/Local
TRAIN_MSBCGL_40148_up_561,40148,EMU/Local
TRAIN_MSBCGL_40147_down_562,40147,EMU/Local
TRAIN_MSBCGL_40150_up_563,40150,EMU/Local
TRAIN_MSBCGL_40149_down_564,40149,EMU/Local
TRAIN_MSBCGL_40570_up_565,40570,EMU/Local
TRAIN_MRTS_41001_down_566,41001,EMU/Local
TRAIN_MRTS_43761_up_567,43761,EMU/Local
TRAIN_MRTS_41003_down_568,41003,EMU/Local
TRAIN_MRTS_41004_up_569,41004,EMU/Local
TRAIN_MRTS_43652_down_570,43652,EMU/Local
TRAIN_MRTS_41006_up_571,41006,EMU/Local
TRAIN_MRTS_43654_down_572,43654,EMU/Local
TRAIN_MRTS_43651_up_573,43651,EMU/Local
TRAIN_MRTS_41009_down_574,41009,EMU/Local
TRAIN_MRTS_41010_up_575,41010,EMU/Local
TRAIN_MRTS_41011_down_576,41011,EMU/Local
TRAIN_MRTS_41012_up_577,41012,EMU/Local
TRAIN_MRTS_43932_down_578,43932,EMU/Local
TRAIN_MRTS_41014_up_579,41014,EMU/Local
TRAIN_MRTS_41015_down_580,41015,EMU/Local
TRAIN_MRTS_41016_up_581,41016,EMU/Local
TRAIN_MRTS_43656_down_582,43656,EMU/Local
TRAIN_MRTS_43653_up_583,43653,EMU/Local
TRAIN_MRTS_41019_down_584,41019,EMU/Local
TRAIN_MRTS_41020_up_585,41020,EMU/Local
TRAIN_MRTS_41021_down_586,41021,EMU/Local
TRAIN_MRTS_41022_up_587,41022,EMU/Local
TRAIN_MRTS_41023_down_588,41023,EMU/Local
TRAIN_MRTS_41024_up_589,41024,EMU/Local
TRAIN_MRTS_43658_down_590,43658,EMU/Local
TRAIN_MRTS_43791_up_591,43791,EMU/Local
TRAIN_MRTS_42752_down_592,42752,EMU/Local
TRAIN_MRTS_41028_up_593,41028,EMU/Local
TRAIN_MRTS_41029_down_594,41029,EMU/Local
TRAIN_MRTS_42651_up_595,42651,EMU/Local
TRAIN_MRTS_43660_down_596,43660,EMU/Local
TRAIN_MRTS_43763_up_597,43763,EMU/Local
TRAIN_MRTS_41033_down_598,41033,EMU/Local
TRAIN_MRTS_43793_up_599,43793,EMU/Local
TRAIN_MRTS_43662_down_600,43662,EMU/Local
TRAIN_MRTS_41036_up_601,41036,EMU/Local
TRAIN_MRTS_41037_down_602,41037,EMU/Local
TRAIN_MRTS_41038_up_603,41038,EMU/Local
TRAIN_MRTS_43934_down_604,43934,EMU/Local
TRAIN_MRTS_41040_up_605,41040,EMU/Local
TRAIN_MRTS_43936_down_606,43936,EMU/Local
TRAIN_MRTS_41042_up_607,41042,EMU/Local
TRAIN_MRTS_41043_down_608,41043,EMU/Local
TRAIN_MRTS_43655_up_609,43655,EMU/Local
TRAIN_MRTS_43664_down_610,43664,EMU/Local
TRAIN_MRTS_41046_up_611,41046,EMU/Local
TRAIN_MRTS_42852_down_612,42852,EMU/Local
TRAIN_MRTS_41048_up_613,41048,EMU/Local
TRAIN_MRTS_43792_down_614,43792,EMU/Local
TRAIN_MRTS_43941_up_615,43941,EMU/Local
TRAIN_MRTS_42652_down_616,42652,EMU/Local
TRAIN_MRTS_41054_up_617,41054,EMU/Local
TRAIN_MRTS_41055_down_618,41055,EMU/Local
TRAIN_MRTS_43765_up_619,43765,EMU/Local
TRAIN_MRTS_43942_down_620,43942,EMU/Local
TRAIN_MRTS_41060_up_621,41060,EMU/Local
TRAIN_MRTS_41061_down_622,41061,EMU/Local
TRAIN_MRTS_43795_up_623,43795,EMU/Local
TRAIN_MRTS_41063_down_624,41063,EMU/Local
TRAIN_MRTS_43931_up_625,43931,EMU/Local
TRAIN_MRTS_43762_down_626,43762,EMU/Local
TRAIN_MRTS_42653_up_627,42653,EMU/Local
TRAIN_MRTS_41069_down_628,41069,EMU/Local
TRAIN_MRTS_43767_up_629,43767,EMU/Local
TRAIN_MRTS_43666_down_630,43666,EMU/Local
TRAIN_MRTS_42655_up_631,42655,EMU/Local
TRAIN_MRTS_43952_down_632,43952,EMU/Local
TRAIN_MRTS_41078_up_633,41078,EMU/Local
TRAIN_MRTS_41079_down_634,41079,EMU/Local
TRAIN_MRTS_41080_up_635,41080,EMU/Local
TRAIN_MRTS_43764_down_636,43764,EMU/Local
TRAIN_MRTS_41084_up_637,41084,EMU/Local
TRAIN_MRTS_41085_down_638,41085,EMU/Local
TRAIN_MRTS_41086_up_639,41086,EMU/Local
TRAIN_MRTS_43668_down_640,43668,EMU/Local
TRAIN_MRTS_43797_up_641,43797,EMU/Local
TRAIN_MRTS_41089_down_642,41089,EMU/Local
TRAIN_MRTS_43769_up_643,43769,EMU/Local
TRAIN_MRTS_41091_down_644,41091,EMU/Local
TRAIN_MRTS_41092_up_645,41092,EMU/Local
TRAIN_MRTS_41093_down_646,41093,EMU/Local
TRAIN_MRTS_43933_up_647,43933,EMU/Local
TRAIN_MRTS_41095_down_648,41095,EMU/Local
TRAIN_MRTS_41096_up_649,41096,EMU/Local
TRAIN_MRTS_41097_down_650,41097,EMU/Local
TRAIN_MRTS_43943_up_651,43943,EMU/Local
TRAIN_MRTS_43670_down_652,43670,EMU/Local
TRAIN_MRTS_42657_up_653,42657,EMU/Local
TRAIN_MRTS_43672_down_654,43672,EMU/Local
TRAIN_MRTS_41102_up_655,41102,EMU/Local
TRAIN_MRTS_43674_down_656,43674,EMU/Local
TRAIN_MRTS_41104_up_657,41104,EMU/Local
TRAIN_MRTS_42654_down_658,42654,EMU/Local
TRAIN_MRTS_43771_up_659,43771,EMU/Local
TRAIN_MRTS_41109_down_660,41109,EMU/Local
TRAIN_MRTS_43657_up_661,43657,EMU/Local
TRAIN_MRTS_43938_down_662,43938,EMU/Local
TRAIN_MRTS_43773_up_663,43773,EMU/Local
TRAIN_MRTS_41113_down_664,41113,EMU/Local
TRAIN_MRTS_42659_up_665,42659,EMU/Local
TRAIN_MRTS_43676_down_666,43676,EMU/Local
TRAIN_MRTS_41116_up_667,41116,EMU/Local
TRAIN_MRTS_41117_down_668,41117,EMU/Local
TRAIN_MRTS_43659_up_669,43659,EMU/Local
TRAIN_MRTS_43766_down_670,43766,EMU/Local
TRAIN_MRTS_43661_up_671,43661,EMU/Local
TRAIN_MRTS_42854_down_672,42854,EMU/Local
TRAIN_MRTS_41124_up_673,41124,EMU/Local
TRAIN_MRTS_43768_down_674,43768,EMU/Local
TRAIN_MRTS_43663_up_675,43663,EMU/Local
TRAIN_MRTS_41127_down_676,41127,EMU/Local
TRAIN_MRTS_41128_up_677,41128,EMU/Local
TRAIN_MRTS_41129_down_678,41129,EMU/Local
TRAIN_MRTS_41130_up_679,41130,EMU/Local
TRAIN_MRTS_43770_down_680,43770,EMU/Local
TRAIN_MRTS_41132_up_681,41132,EMU/Local
TRAIN_MRTS_41135_down_682,41135,EMU/Local
TRAIN_MRTS_43799_up_683,43799,EMU/Local
TRAIN_MRTS_43794_down_684,43794,EMU/Local
TRAIN_MRTS_41138_up_685,41138,EMU/Local
TRAIN_MRTS_42656_down_686,42656,EMU/Local
TRAIN_MRTS_41140_up_687,41140,EMU/Local
