Name,Latitude,Longitude,Category,Budget,Cuisine,Ambience,Rating,image_url,location_url
Sin & Tonic,13.0458705335593,80.2397095956817,Restobar,High,"Modern cocktails, global bites","Trendy, vibrant, youthful",4.5,https://media-cdn.tripadvisor.com/media/photo-m/1280/1c/d8/21/2a/bar-table.jpg,"https://www.google.com/maps/place/Sin+%26+Tonic+RestoBar/@13.0456197,80.2397096,17z/data=!3m1!4b1!4m6!3m5!1s0x3a526741c7e108f5:0x5869f336fa53443f!8m2!3d13.0456197!4d80.2397096!16s%2Fg%2F11q_l1bc5r?entry=ttu"
Koox,13.0301207125311,80.2442634533532,Rooftop,High,Japanese rooftop dining,"Luxury rooftop, romantic",4.6,http://lh3.googleusercontent.com/hd-RCML4oZuTy7M_FlMlQDdSYQTc7uiCBI3O1osC_dORvT68BEgVxO14Ix1-QmALkiLG9gaKdy9gWAu5ClNiIcHUbvY=s750,"https://www.google.com/maps/place/Koox+-+Rooftop+Asian+Grill/@13.0296949,80.2441608,17z/data=!3m1!4b1!4m6!3m5!1s0x3a52674e52fae17d:0x800124e15a08b49d!8m2!3d13.0296949!4d80.2441608!16s%2Fg%2F11h_b7_rhf?entry=ttu"
The Cycle Gap,13.0878540410184,80.217840939862,Restobar,Medium,"Continental, Asian","Quirky, youthful, artsy",4.3,https://media-cdn.tripadvisor.com/media/photo-w/13/2a/bc/27/bar.jpg,"https://www.google.com/maps/place/The+Cycle+Gap/@13.0875928,80.2177873,17z/data=!3m1!4b1!4m6!3m5!1s0x3a52642448d3483b:0x10eb468a596c98a6!8m2!3d13.0875928!4d80.2177873!16s%2Fg%2F11gbfc099z?entry=ttu"
The Velveteen Rabbit,13.0272068470572,80.2547523956813,Restobar,Medium,"European, Finger food","Cozy, chic, artsy",4.2,https://media-cdn.tripadvisor.com/media/photo-m/1280/13/a6/3b/9f/photo1jpg.jpg,"https://www.google.com/maps/place/The+Velveteen+Rabbit/@13.0269769,80.2547524,17z/data=!3m1!4b1!4m6!3m5!1s0x3a5267c8290a9553:0x39386b785394f1f!8m2!3d13.0269769!4d80.2547524!16s%2Fg%2F11c0zbh53z?entry=ttu"
Bay 146,13.0462779369751,80.2611415245176,Restobar,High,"Continental, Indian","Live music, energetic vibe",4.4,https://media-cdn.tripadvisor.com/media/photo-w/11/07/9c/9a/nice-seating-area-empty.jpg,"https://www.google.com/maps/place/Bay+146/@13.0460062,80.2611308,17z/data=!3m1!4b1!4m6!3m5!1s0x3a526630c0b8fba1:0xcb0e0252fe964c40!8m2!3d13.0460062!4d80.2611308!16s%2Fg%2F11c2lqxz3d?entry=ttu"
Q Bar,13.0186328104086,80.2048713593849,Restobar,High,Fusion cuisine,"Rooftop, luxurious, stylish",4.6,https://media-cdn.tripadvisor.com/media/photo-o/2a/c7/a8/16/outdoor-cabanas.jpg,"https://www.google.com/maps/place/Q+Bar/@13.016625,80.204752,17z/data=!3m1!4b1!4m6!3m5!1s0x3a52673ea61e92c3:0x30a2b838f7ffdea3!8m2!3d13.016625!4d80.204752!16s%2Fg%2F11g6qs7bhp?entry=ttu"
Radio Room,13.0174717967154,80.2704991245171,Restobar,Medium,"Continental, Cocktails","Retro, youthful, music themed",4.2,https://media-cdn.tripadvisor.com/media/photo-o/0c/be/8c/57/radio-room.jpg,"https://www.google.com/maps/place/Radioroom/@13.017439,80.2706581,17z/data=!3m1!4b1!4m6!3m5!1s0x3a52672530dc605b:0xa623d1f3f59f9913!8m2!3d13.017439!4d80.2706581!16s%2Fg%2F11hz6scrpp?entry=ttu"
Sudaka,13.0432312841958,80.2446733515019,Restobar,High,South American,"Exotic, stylish, niche crowd",4.5,https://media-cdn.tripadvisor.com/media/photo-w/0b/8b/1f/35/sudaka.jpg,"https://www.google.com/maps/place/SUDAKA/@13.0429909,80.244727,17z/data=!3m1!4b1!4m6!3m5!1s0x3a5267003c3217d9:0x55959c7275c24b79!8m2!3d13.0429909!4d80.244727!16s%2Fg%2F11qh93h0yy?entry=ttu"
Ciclo Café,13.0262573110663,80.2414642747516,Café,Medium,"Continental, Café","Bicycle-themed, youthful, cozy",4.3,https://media-cdn.tripadvisor.com/media/photo-m/1280/17/c5/46/a8/ciclo-cafe.jpg,"https://www.google.com/maps/place/Ciclo+Caf%C3%A9/@13.0224054,80.2423288,17z/data=!3m1!4b1!4m6!3m5!1s0x3a5267a538527e3f:0xeb82214b37470256!8m2!3d13.0224054!4d80.2423288!16s%2Fg%2F11b777l45j?entry=ttu"
Wild Garden Café (Amethyst),13.0575993245172,80.2593420515021,Café,Medium,"Italian, Café, Desserts","Colonial-style bungalow, garden café",4.5,https://dt4l9bx31tioh.cloudfront.net/eazymedia/restaurant/705902/restaurant020250709110320.jpeg?width=818&height=450&mode=fit,"https://www.google.com/maps/place/Wild+Gardencafe/@13.0573276,80.2593957,17z/data=!3m1!4b1!4m6!3m5!1s0x110565bc3d376c73:0x75b5a60e6bd4646c!8m2!3d13.0573276!4d80.2593957!16s%2Fg%2F11cllpj8wb?entry=ttu"
The Brew Room,13.0489014386841,80.2601893731649,Café,Medium,"Coffee, Continental",Charming garden café,4.5,https://media-cdn.tripadvisor.com/media/photo-o/17/e4/c7/3d/decor.jpg,"https://www.google.com/maps/place/The+Brew+Room/@13.0455139,80.2609802,17z/data=!3m1!4b1!4m6!3m5!1s0x3a526630c355f92d:0x93b151e032444e48!8m2!3d13.0455139!4d80.2609802!16s%2Fg%2F11bbrj2nfm?entry=ttu"
Tryst Gourmet,13.0586334205943,80.26413833801,Café,Medium,"European bakery, Café","Upscale, elegant, cozy",4.4,https://dt4l9bx31tioh.cloudfront.net/eazymedia/restaurant/612221/0.jpg?width=818&height=450&mode=fit,"https://www.google.com/maps/place/Tryst+Gourmet/@13.0585931,80.2645936,17z/data=!3m1!4b1!4m6!3m5!1s0x3a5267b152fadb7b:0x1aa701fdffa6bda3!8m2!3d13.0585931!4d80.2645936!16s%2Fg%2F11f3wq842w?entry=ttu"
Writer’s Café,13.0543305671029,80.2574422091739,Café,Low,"Café, Continental","Socially driven, book café",4.5,https://media-cdn.tripadvisor.com/media/photo-o/11/e2/94/a5/img-20171219-wa0055-largejpg.jpg,"https://www.google.com/maps/place/Writer's+Caf%C3%A9/@13.054132,80.2574744,17z/data=!3m1!4b1!4m6!3m5!1s0x3a52663f2aed2531:0xb92fe00f75015531!8m2!3d13.054132!4d80.2574744!16s%2Fg%2F11c5x0_xc4?entry=ttu"
Chamiers Café,13.0286346563683,80.2502248245173,Café,Medium,"European, Café","Colonial interior, calm",4.4,https://media-cdn.tripadvisor.com/media/photo-w/06/eb/9e/81/chamiers-restaurant.jpg,"https://www.google.com/maps/place/Chamiers+Cafe/@13.0283629,80.2502141,17z/data=!3m1!4b1!4m6!3m5!1s0x3a5267b6c26ffffb:0x204013d94a890406!8m2!3d13.0283629!4d80.2502141!16s%2Fg%2F12hsrqmnp?entry=ttu"
Madras Square,12.9562547356579,80.2589593533519,Café,Medium,"European, Italian, Café","Garden café, tranquil, rustic",4.3,https://media-cdn.tripadvisor.com/media/photo-m/1280/29/ad/54/f1/caption.jpg,"https://www.google.com/maps/place/East+Coast+at+Madras+Square/@12.9559829,80.2589379,17z/data=!3m1!4b1!4m6!3m5!1s0x3a525d234966fc2b:0xb5bd73f8b59cf7db!8m2!3d12.9559829!4d80.2589379!16s%2Fg%2F1td_3lxy?entry=ttu"
Hamsa,13.0099361630999,80.2528440245169,Restaurant,High,Traditional Indian,"Luxurious, royal ambience",4.6,https://lh3.googleusercontent.com/r7KCzV9yl-Wb_THKEBkDSi8z6H4_dIj--_oVR-defSqxNHk0mhal4G5edeGJCVfN5J656pfMFyyC5JBVLuCumzzkZ4g=w1600-rw,"https://www.google.com/maps/search/?api=1&query=13.0097062,80.2528333"
Avartana,13.0106991487339,80.2207616398607,Restaurant,High,Progressive South Indian,"Fine dining, futuristic",4.7,https://lh3.googleusercontent.com/WjWoDgh1e20OqHgK71OItSg06fG3COKPBe0NQp-Fuy-j9ePZv-sP4sROoimHiYQbXIhPuWMS_7cFcWdpbie-Jihp8Q=w1600-rw,"https://www.google.com/maps/search/?api=1&query=13.010511,80.220708"
Ottimo Cucina Italiana,13.0108875292592,80.220719295681,Restaurant,High,Italian fine dining,"Elegant, luxurious",4.6,https://lh3.googleusercontent.com/ascBDrhoh1k_3IoNon60KJg2ncEOwAnf21DkE5GeS3P32lzCyyT8cspWx-YybMd8CEvjo-klHh7Uh4sfJm0_5OcDkuuEDVxtBckXUkQ=w1600-rw,"https://www.google.com/maps/search/?api=1&query=13.0106053,80.2207193"
Soy Soi,13.0195480193904,80.2412161361578,Restaurant,Medium,Pan-Asian,"Trendy, colorful, casual fine dining",4.5,https://imgmediagumlet.lbb.in/media/2019/04/5cc7f28663ef5f0f4c19eadf_1556607622184.jpg,"https://www.google.com/maps/place/soy+soi/data=!4m2!3m1!1s0x3a5267a4904daaab:0xa4c45cb7a4976c0b?sa=X&ved=1t:242&ictx=111"
Kaidi Kitchen,13.0446416268765,80.2613355380098,Restaurant,Medium,Multi-cuisine (Veg),"Prison-themed, quirky",4.3,https://lh3.googleusercontent.com/Cnc2UQKyxSn_m1o_DL3jWi8bW-7zdEALd4FNCVyKYSbmDm3nSqCMBVmKe1q2tM-XlhLKki63R7pIeFXj75lkh1dh4Cc=w1600-rw,"https://www.google.com/maps/search/?api=1&query=13.0445,80.2614"
The Marina,13.06918081732,80.2522586719412,Restaurant,Medium,Seafood,"Elegant, coastal vibes",4.4,https://lh3.googleusercontent.com/F7EPvTucpuW9xL6OtXHQoD9Kb239slUK5kM2omQWfEveoM2BHs5O4LHxAKVQrC98CWE1RG7m8JtU5ZqUdDubpD-_8oI63Yxiptoajx2B7g=w1600-rw,"https://www.google.com/maps/search/?api=1&query=13.0672678,80.2521259"
Ashvita Bistro,13.0271952416299,80.2583822245172,Restaurant,Medium,Global fusion,"Artsy, creative, youthful",4.4,https://lh3.googleusercontent.com/kvdEtdn-BAn9rozP8Z44TEWmOm5-KxbfbCM7DnKlkWD7rmfkXwZ_48Yh5uBw5mWKzFsw1ohghO5ZpJgWFfYCXCZU5Q=w1600-rw,"https://www.google.com/maps/search/?api=1&query=13.0271952416299,80.2583822245172"
Hub at ECR,12.9341295067376,80.2518520226641,Restobar,Medium,"Continental, Finger food","Beachside vibes, energetic",4.2,https://lh3.googleusercontent.com/jMyAPxt5EHzenD5_OivHB3aPdFGgxtmdOysSyXmSnNLejVfmj5l8c3UF1WHjxyBpNvXEttWTqFA5vLdMHiQSxSRfgw=w1600-rw,"https://www.google.com/maps/search/?api=1&query=12.9340155,80.2516592"
Lower Deck,13.0567441225142,80.2428601956818,Restobar,Medium,Continental,"Ship-themed, lively",4.1,https://lh3.googleusercontent.com/cnlwAM_W_qSj2MWUODg4h5Gia9CeTF19Xok10WgiTHJZPC7HfjglXjVJPFlgCqU_tgInAn5DhZldXYnjC81QwU3XLJo6us_in_FQ6ops=w1600-rw,"https://www.google.com/maps/search/?api=1&query=13.0564933,80.2428602"
Twist by the Tale,13.0631813144587,80.2517004856375,Restaurant,Medium,Modern Indian,"Fusion style, stylish",4.3,,
Tovo Infusions,13.0439818354767,80.2740424245176,Restaurant,Medium,Experimental Continental,"Youthful, modern, quirky",4.4,https://lh3.googleusercontent.com/7mqKe-iqGdYNgmrrSLu8re756aPeBBTpRkmMG7zanS-qiM3BwIH5uQfrp4le3lF0vWr-Oouz4ERHydLlJdzJiMh2KJYU=w1600-rw,"https://www.google.com/maps/search/?api=1&query=13.0448122,80.261699"
The Fat Boy,13.0366973929535,80.2505129325105,Café,Medium,"American Diner, Café",Retro diner vibes,4.2,https://lh3.googleusercontent.com/5znZqwmzJqyNY91MjkU1Q35Jemx5xRihPtDV9AULmTLd0ITTc2sli6WHbuPLI_kFg6iuVYNEQeXbp4Nw7YmbfmpY6hI4c2xcsKoh7tzO=w1600-rw,"https://www.google.com/maps/search/?api=1&query=13.0329352,80.2507724"
East Coast at Madras Square,12.9583249674724,80.2579508468902,Café,Medium,"Continental, Pasta","Cute, vibrant, cozy",4.4,https://dt4l9bx31tioh.cloudfront.net/eazymedia/restaurant/613882/restaurant320180615065231.jpeg?width=818&height=450&mode=fit,"https://www.google.com/maps/place/East+Coast+at+Madras+Square/@12.9559829,80.2589379,17z/data=!3m1!4b1!4m6!3m5!1s0x3a525d234966fc2b:0xb5bd73f8b59cf7db!8m2!3d12.9559829!4d80.2589379!16s%2Fg%2F1td_3lxy?entry=ttu"
Crimson Chakra,13.0201097699508,80.2535696683213,Restaurant,Medium,"North Indian, Fusion",Homely bungalow style,4.4,https://lh3.googleusercontent.com/TWNRLe_56V5_alA9SA3Sa4tr3UTCl9Qyl62PoReLJ9lsRuX4WKTYWai8L4LHM0YQJdBuConOYcLHpkXi-MZ0yMPlMm4=w1600-rw,"https://www.google.com/maps/search/?api=1&query=13.0106705,80.2537939"
Ratna Café,13.0678862056743,80.2741685710524,Café,Medium,Iconic sambar-idly spot since 1948,"Simple, historic",4.4,https://lh3.googleusercontent.com/oBVvzplfJS3DALR43EJUxo9vmd9uIMORFxRPklUpZKB_9CVUSDgN6r083XXiKtJ5udEsCLiYKNB1uXMB_6hy5wt8LhTr8ZHxu_sGcQSc=w1600-rw,"https://www.google.com/maps/search/?api=1&query=13.05904997,80.2742625"
Kipling Café,12.8956272687547,80.2523104245149,Café,High,"Continental, cocktails","Beach view, romantic",4.1,https://b.zmtcdn.com/data/pictures/7/66447/e753b16aa480c1c90f482892915deee0.jpeg,"https://www.google.com/maps/search/?api=1&query=12.8954473,80.2523810"
The 90’s Café,13.4781579078225,80.2395160665098,Café,Low,"Nostalgia menu, fast food","Retro, fun",4.0,,
Café Mercara Express (ITC),13.0114847751947,80.2208510803373,Café,High,"Coffee, light bites","Elegant, hotel vibe",4.2,https://lh3.googleusercontent.com/JcMCRiHpYVi71AVgotvTs2KiMT_u8ctqpMJETavF_8ViiGm8_BMDhRMRdGpZZuHMSLZC78yDYkY0erkpDsDZmJlMZvQ=w1600-rw,"https://www.google.com/maps/search/?api=1&query=13.011213,80.220894"
Dakshin (Crowne Plaza),13.0305578016766,80.2507915686969,Restaurant,High,Authentic South Indian fine dining,"Elegant, cultural",4.5,https://lh3.googleusercontent.com/oxCqryqELSaMXbG3dmlylnTp8jsfeQ1adPWIfalCT-u5Io05_qBWi7llzUJj8nOG6CjnZr3cYBDgopD4I-22_HKHOww=w1600-rw,"https://www.google.com/maps/search/?api=1&query=13.03015124,80.25073752"
Bay View,12.8025987625785,80.2472554620302,Restaurant,High,Seafood & coastal cuisine,Stunning sea view,4.4,https://lh3.googleusercontent.com/tUVSRRR_T8Bb-329j1Z5k0KvIriFNhA3eob6ajjkiUxKQy_EXEiv7C-r1cPyTLzjWHGrjOeDu1xaUMARVArxlRToSQo=w1600-rw,"https://www.google.com/maps/search/?api=1&query=12.7965627,80.24805866"
Azuri Bay,13.0111591085689,80.2541559398607,Rooftop,Medium,"Pan-Asian, Italian",Romantic rooftop,4.2,https://lh3.googleusercontent.com/EEFOm5k4DYIpnHoLCQC_m-ywaT1zxdI-gc8N9s4DdywNFVbOmVgDA3KwSWszdsVF3xKA5Z6pWCs1wQOrx1aLUxjL9CBa=w1600-rw,"https://www.google.com/maps?q=13.0111192,80.2538252"
Kefi (Taj Club House),13.0617516737297,80.2636984515022,Rooftop,High,Mediterranean,"Candlelit, rooftop romance",4.3,https://lh3.googleusercontent.com/VuazrylpMlii2rVtqLcMhO3YlCbbPAs9D2Qj325ojMWAtzItV6u0C6TyGJ1sb0iNQxr8Af08VppKV-QcbLWXRicDGHQ=w1600-rw,"https://www.google.com/maps?q=13.06120752,80.26362922"
Surf Turf,12.786425530114,80.2542724202426,Café,Medium,"Continental, Chinese, Italian, Seafood, Desserts, Coffee, Juices, Beverages",Breezy beachfront café with a surf-village vibe; integrates water-sport activities,4.1,https://lh3.googleusercontent.com/mDuEYnJpt8E7WxiP5vqDoDHgZOIToH33WOjdNCKO5FViuzQqnPUWGGYImfwNLYC8TRiVl8G9OVEc41bFNO77Op3uYA=w1600-rw,"https://www.google.com/maps?q=12.786389,80.254395"
Seagull,12.8027695562054,80.2474666203718,Restaurant,High,Multicuisine seafood/fine-dining,"Elegant, upscale resort ocean-view fine dining",4.6,https://lh3.googleusercontent.com/9yz7hRpCQMAPhs-8vYnsfiLaK4ry5MrYj5CG3sfBADI3akeHL5AxVOwJkWwDitPyPACSQyJKqKq4QYI1F-YarH-5yQ=w1600-rw,"https://www.google.com/maps?q=12.79678535,80.24787191"
L’attitude 49,12.6271076030441,80.1961464355825,Restaurant,High,"Singaporean, Asian, Continental, North Indian","Elegant, calm, seaside deck",4.5,https://lh3.googleusercontent.com/M0RfhxQesPGmMiEQBHWZUx6XGFvr852Kp47oZ_gQY9oMtjVllVgU73O95D0o9nLs5HjKYwiDgkQA9IR_U5p4X3m-XBb2pWo2LPIxKMc=w1600-rw,"https://www.google.com/maps/place/Grande+Bay+Resort+And+Spa/@12.6269686,80.1935772,17z/data=!3m1!4b1!4m9!3m8!1s0x3a525353088b5525:0x83326762375da265!5m2!4m1!1i2!8m2!3d12.6269686!4d80.1961521!16s%2Fg%2F1hc2fqh13!5m1!1e2"
Le Yogi Restaurant,12.6200610355986,80.1974656355825,Restaurant,Medium,"North Indian, Seafood, South Indian, Nepalese","Laid-back, rooftop-like, cozy, nostalgic",4.1,https://dynamic-media-cdn.tripadvisor.com/media/photo-o/11/b8/ee/be/top-roof-restaurant-new.jpg,"https://www.google.com/maps/search/?api=1&query=12.62031667,80.19729722"
Korkai,12.9191952656611,80.2548145369995,Restaurant,High,Pan-Indian,"Romantic, upscale resort atmosphere",4.6,https://lh3.googleusercontent.com/4p5asFGJby4smWqby4Mahcj3Cg7KLpLsv4Ufc6cL_3G1AF7-c0aDZvNVlYKMkrxPP64CIqVirfWeiDCpktsXScraHEacdcNSbBQ9wZJ-sQ=w1600-rw,"https://www.google.com/maps?q=12.9152975,80.2548432"
The Beach Terrace,12.9142451239074,80.2554766220875,Café,Medium,Multi-cuisine & cocktails,"Elegant, Santorini-inspired, beachfront vibe",4.8,https://lh3.googleusercontent.com/EFz0QBTdQ8v77vencwkexNyyqx0fgPjbaFZKgN4q8zkHXRC0LojLtOk_ciGcwi6-4Y3tAWQYd6rJsFHalewOhTXggNWl3rc2Xdb0xTArhA=w1600-rw,"https://www.google.com/maps?q=12.9139314,80.2554498"
